Contributor Name,Contribution Made,Rubric classification,TDGs Issued,Status date
Gary Teh,"Tat person is me 

That is why I need the listed ordered as such 

Easy for me to plan my Overland route",Unknown, 0,20240317
Gary Teh,"I spent 10 minutes replying to Jasmine the TikTok influencer
â€",Contributed Human Effort, 16,20240317
Gary Teh,"â€image omitted
â€",Unknown, 0,20240317
Gary Teh,"â€image omitted
â€",Unknown, 0,20240317
Gary Teh,â€image omitted,Unknown, 0,20240317
Anupa/diya,I can just populate it ğŸ¤£,Unknown, 0,20240317
Gary Teh,Go for it but make sure they are not zigzag across the USA,Unknown, 0,20240317
Suheil - Europe,â€You removed Suheil - Europe,Unknown, 0,20240317
Vlatko Gigov,â€You removed Vlatko Gigov,Unknown, 0,20240317
Gary Teh,"We will not be pursuing European supply chain within the next 180 days
â€",Unknown, 0,20240317
Gary Teh,TikTokSeller.pdf â€¢ â€2 pages â€document omitted,Unknown, 0,20240317
Val Lapidus,"Usps is not open on Sundays, so if the order does not arrive to me by noon on Saturday, please do not ask me about the status of the order until Monday at noon",Unknown, 0,20240317
Gary Teh,That is why I stated Tuesday 12pm (two business days) . Please read the details â€<This message was edited>,Unknown, 0,20240317
Gary Teh,Spent 15 minutes following up on outstanding invoice issued to TyTyCoCo for purchase of 12.5KG.,Contributed Human Effort, 24,20240317
Gary Teh,"Spent 10 minutes responding to Morgan. Such a wonderful soul. ğŸ™‚ğŸ™
â€",Contributed Human Effort, 16,20240317
Gary Teh,â€image omitted,Unknown, 0,20240317
Gary Teh,"Spent 15 minutes updating our sales lead sheet to reflect sample request status

https://docs.google.com/spreadsheets/d/1SbriL3uEjMbaUL84xYH87IVJU-qriKX-650WikyBeJY/edit#gid=654522339",Contributed Human Effort, 24,20240317
Barbara Sandini,"Hello everyone I spent about 30 minutes talking Friday and today with the packaging seller  talking about the prices and I was able to reduce de price   Getting a 13% discount for the 5000 packages
â€",Contributed Human Effort, 49,20240318
Barbara Sandini,"â€image omitted
â€",Unknown, 0,20240318
Barbara Sandini,"â€image omitted
â€",Unknown, 0,20240318
Barbara Sandini,â€image omitted,Unknown, 0,20240318
Gary Teh,"Are these cacao nibs organic?

also do we know where is the location of their farms are at? 

We need those for our story telling purpose ğŸ™‚ğŸ™ â€<This message was edited>
â€",Unknown, 0,20240318
Gary Teh,â€image omitted,Unknown, 0,20240318
Gary Teh,"@16468233438

FYI 
I am planning to pick up the following when swing by San Francisco

- 25kg of bulk cacao nibs 
- â 150 bags of 8 ounce cacao nibs â€<This message was edited>",Unknown, 0,20240318
Gary Teh,"I spent 10 minutes following up with the 3 influencers that have received our samples.
â€",Contributed Human Effort, 16,20240318
Gary Teh,â€image omitted,Unknown, 0,20240318
Gary Teh,"@918017107841 Kaily has posted her content! 
https://www.tiktok.com/@kailymayhugh/video/7346939756569283882?shop_region=US",Unknown, 0,20240318
Anupa/diya,Tik tok is banned in india.,Contributed Human Effort, 0,20240318
Anupa/diya,Is there any way i can get the video for the resource folder.,Unknown, 0,20240318
Anupa/diya,We will surely credit her,Unknown, 0,20240318
Gary Teh,Let me ask her ğŸ™‚ğŸ™,Unknown, 0,20240318
Anupa/diya,"If its not possible, we can make a resource list. Not an issue",Unknown, 0,20240318
Barbara Sandini,I tried to download or copy the video was not possible,Unknown, 0,20240318
Anupa/diya,Must be copyright,Unknown, 0,20240318
Barbara Sandini,But Iâ€™m sure the owner can download and send it,Unknown, 0,20240318
Gary Teh,I just texted her.,Unknown, 0,20240318
Gary Teh,"I guess this route to getting the word out on our cacao nibs seem to be working. 

Next steps
- monitor if it translates to sales
- â reach out the existing list of TikTok influencers who have not responded yet",Contributed Human Effort, 3,20240318
Gary Teh,Back to work,Unknown, 0,20240318
Gary Teh,"Spent 30 minutes crafting messages and sending followup email to 85 TikTok influencers who have yet responded to our email
â€",Contributed Human Effort, 49,20240318
Gary Teh,â€image omitted,Unknown, 0,20240318
Gary Teh,Spent 15 minutes following up with 2 responses,Contributed Human Effort, 24,20240318
Gary Teh,"Spent 5 minutes following up with the Influencers who have expressed interested but have yet accepted our TIkTok invitation to collaborate
â€",Contributed Human Effort, 8,20240318
Gary Teh,â€image omitted,Unknown, 0,20240318
Gary Teh,"*Tokenization completed till 20240318* - 
referenced is the final message
â€",Unknown, 0,20240318
Gary Teh,TikTokSeller.pdf â€¢ â€2 pages â€document omitted,Unknown, 0,20240318
Gary Teh,"@918017107841 if TikTok is banned in India then we cannot use Indian call centers, since no one in India will be able to access TikTok and do what we need for them to do

Could you help source for call center contact details in Philippines? â€<This message was edited>
â€",Unknown, 0,20240318
Gary Teh,TikTokSeller.pdf â€¢ â€2 pages â€document omitted,Unknown, 0,20240318
Val Lapidus,Done,Unknown, 0,20240319
Val Lapidus,Done,Unknown, 0,20240319
Gary Teh,"Spent 1 hour figuring out the different product configuration options to allow chocolatiers to have what they want at the price they want. 

Proposed two product types 

- 3 consecutive year international award winning gourmet/organic cacao (_what we brought in_)

- â bulk cacao (_cheap and can match price USA market can accept_) â€<This message was edited>",Contributed Human Effort, 100TDG,20240319
Val Lapidus,"up to now I have not billed for any time managing orders, Iâ€™m going to put out an estimate of 3 hours used to print/package/drive/drop off the 8 or so orders that have come sporadically through the past month.
â€",Contributed Human Effort, 300,20240320
Val Lapidus,"â€image omitted
â€",Unknown, 0,20240320
Val Lapidus,â€image omitted,Unknown, 0,20240320
Val Lapidus,"@14153000019 please tokenize: 
hours: 3
paper: 33.29
printer: 176.36",Contributed Human Effort, 373,20240320
Gary Teh,"Spent 1 hour sending out 4 follow up email to list of 82 TikTok influencers. 

_PS: started experimenting with the Mail Merge feature of TikTok to introduce more elements into the email that I have tested and known to drive up conversion rates in the previous company I worked at_
â€",Contributed Human Effort, 100,20240320
Gary Teh,"â€image omitted
â€",Unknown, 0,20240320
Gary Teh,â€image omitted,Unknown, 0,20240320
Gary Teh,"@16468233438 for future submissions please do the following
- submit each line item separately 
- â post the print screen as a reply to the line item submission

_*Constrain_*
- If print screen is attached to line item post, the whole post does not get picked up by the WhatsApp exporting function
- â If line items are lumped together, ChatGpt might not be smart enough to aggregate all of them.

I will do the followings for this time to show you how the submission is done.",Unknown, 0,20240320
Gary Teh,@16468233438 has spent 3 hours helping process the orders to date.,Contributed Human Effort, 300,20240320
Gary Teh,@16468233438 has spent USd176.36 for a shipping label printer,Contributed Fiat Funding, 1.76,20240320
Gary Teh,@16468233438 has spent USd33.29 for shipping label printing paper,Contributed Fiat Funding, 3.33,20240320
Val Lapidus,Got it. Will do next time thanks Gary,Unknown, 0,20240320
Gary Teh,Spent 30 minutes following up with the TikTok influencer responses,Contributed Human Effort, 49,20240320
Gary Teh,Spent 30 minutes working with Orlantildes from Coopercabruca to expand our second product line to include the conventional fine cacao.,Contributed Human Effort, 49,20240321
Gary Teh,"_My current TODO list_

- 10 TikTok influencers making videos about our Agroverse Cacao Nibs
- â Follow up with @554792591729 to finalize the Brazilian cacao supplier details
- â Follow up with African supplier to get details required for USA FDA registration and FSVP qualification
- â Follow up with Orlantildes to finalize the details for extending our product line with bulk cacao",Unknown, 0,20240321
Gary Teh,Spent another 15 minutes interfacing with Orlantildes to discussion supply chain reconfiguration matters.,Contributed Human Effort, 24,20240321
Gary Teh,"*Unit economics for cacao nibs:*
- Cost price: USD7.5 per bag
- â Retail price: USD12 per bag
- â TikTok platform cost: USD0.96 which is 8% 
- â Commission to influencer: USD1.2
- â Net profit per bag sold: USD2.34
- â Each bag of cacao nibs sample given away needs to generate at least 4 bags of sales for us to break even: *USD9.36 > USD7.50*
- â Target sales per sample: USD48

*Statistics by TikTok platform on influencers*
- Average revenue generated per 1000 views on TikTok based on their provided statistics is *USD15*. 

*TikTok influencers filter condition*
- 1 sample translates to 1 video
- â 1 video needs to generate USD48 of sales
- Shortlisted â Influencerâ€™s average video needs to generate at least *4000 views* for us to break even on the sample we ship out to her

Time taken to perform this calculation 10 minutes â€<This message was edited>",Contributed Human Effort, 16,20240321
Gary Teh,"Spent 1 hour to generate 20 email new TikTok influencer leads
â€",Contributed Human Effort, 100TDG,20240321
Gary Teh,"â€image omitted
â€",Unknown, 0,20240321
Gary Teh,â€image omitted,Unknown, 0,20240322
Gary Teh,"Spent an hour testing and running this script on GetData.IO to gather the email addresses of the influencers.

https://getdata.io/data-sources/129694-tiktok-influencer-profile-page-email-address-scraping-",Contributed Human Effort, 100,20240322
Gary Teh,"Spent 30 minutes to setup Google sheet to post process data crawled

https://docs.google.com/spreadsheets/d/1sPYYHJlU-eI8VxkDSXSFuiRlVHTPvYGE3gJIkZbGi5U/edit?usp=sharing",Contributed Human Effort, 49,20240322
Gary Teh,"Spent 15 minutes to send initial outreach emails to a fresh batch of TikTok influencers

https://docs.google.com/spreadsheets/d/1JnOU-nQsgc_wcSVZXv1bjlnaBWgsxJvsq5wTg97bYXg/edit#gid=0 â€<This message was edited>
â€",Contributed Human Effort, 24,20240322
Gary Teh,â€image omitted,Unknown, 0,20240322
Gary Teh,"Spent 20 minutes responding to influencers who have responded. 

_PS: Utilizing moral authority and emotional appeal as means to get around request for budget._
â€",Contributed Human Effort, 33,20240323
Gary Teh,â€image omitted,Unknown, 0,20240323
Gary Teh,"Spent 15 minutes to gather the Profile URL of 339 new unique TikTok influencers we have yet reached out to

https://docs.google.com/spreadsheets/d/1sPYYHJlU-eI8VxkDSXSFuiRlVHTPvYGE3gJIkZbGi5U/edit

Sent these pages for crawling via GetData.IO to email addresses that might be listed on their individual TikTok profile pages.

https://getdata.io/data-sources/129694-tiktok-influencer-profile-page-email-address-scraping-",Contributed Human Effort, 24.75,20240323
Gary Teh,"Spent 20 minutes processing the emails gathered and then sending out initial outreach emails to this new batch of 38 TikTok influencers â€<This message was edited>
â€",Contributed Human Effort, 33,20240323
Gary Teh,â€image omitted,Unknown, 0,20240323
Gary Teh,"Contact information of Julian who is a local dates farmer In Niland area
â€",Unknown, 0,20240325
Gary Teh,"â€image omitted
â€",Unknown, 0,20240325
Gary Teh,"â€image omitted
â€",Unknown, 0,20240325
Gary Teh,â€image omitted,Unknown, 0,20240325
Gary Teh,Spent 30 minutes today following up with the TikTok influencers who have received our samples but have not yet posted our videos,Contributed Human Effort, 49,20240326
Gary Teh,Spent 45 minutes gathering new list of TikTok influencers to reach out to,Contributed Human Effort, 74,20240326
Gary Teh,"Spent 45 minutes creating revised version of bean to bliss episode seven for TikTok

https://www.tiktok.com/t/ZTLMQ7uKU/ â€<This message was edited>",Contributed Human Effort, 74,20240327
Gary Teh,"The list I worked off of yesterday did not generate any new influencers to reach out to

https://getdata.io/data-sources/129694-tiktok-influencer-profile-page-email-address-scraping-",Contributed Human Effort, 4,20240327
Gary Teh,"Spent 30 minutes to process the emails harvested over the past 3 days.
â€",Contributed Human Effort, 49,20240327
Gary Teh,â€image omitted,Unknown, 0,20240327
Gary Teh,"Erin posted a TikTok video on how she uses our Agroverse Cacao nibs yesterday evening! ğŸ¤©ğŸ™

https://www.tiktok.com/@nyerinnc/video/7350863663919844654?shop_region=US",Contributed Human Effort, 1.65,20240327
Gary Teh,Spent 10 minutes responding to influencer responses.,Contributed Human Effort, 16,20240327
Gary Teh,"Spent 45 minutes reviewing the required actions for our Agroverse trade mark filing
â€",Contributed Human Effort, 74.25,20240327
Gary Teh,20240327_uspto_review_action.pdf â€¢ â€8 pages â€document omitted,Unknown, 0,20240327
Val Lapidus,Just got our first sale in wix,Contributed Human Effort, 0,20240327
Gary Teh,Nice!!,Unknown, 0,20240327
Gary Teh,"Itâ€™s Tres
â€",Unknown, 0,20240327
Gary Teh,â€image omitted,Unknown, 0,20240327
Gary Teh,He indicated the wrong address,Unknown, 0,20240327
Gary Teh,Will provide us with the right one,Unknown, 0,20240327
Gary Teh,"Send to this address instead 
930 the pkwy
Mamaroneck, NY 10543",Unknown, 0,20240327
Gary Teh,"Inviting @12245781775 out of the guild for now

He is too busy with his day job",Contributed Human Effort, 1,20240328
Carl - New Phone  Alan,â€You removed Carl - New Phone  Alan,Unknown, 0,20240328
Barbara Sandini,"Hello Everyone, I hope all is well on your side.  IÂ´ve been sending some emails to new cacao contacts I got from the previous contact of last week.  One is from a new location. I just sent an email to them couple of hours ago. I spent about 1 hr sending  it and  will update as soon I get their replies",Contributed Human Effort, 101,20240328
Anupa/diya,Barbara and I chatted for an hour for the cacao nibs affliation program,Contributed Human Effort, 100 TDG,20240328
Anupa/diya,For underrepresented communities,Unknown, 0,20240328
Gary Teh,"Spent 30 minutes to gather 200 TikTok influencer profile pages and scheduled them for email address scraping

https://getdata.io/data-sources/129694-tiktok-influencer-profile-page-email-address-scraping-
â€",Contributed Human Effort, 49,20240328
Gary Teh,"â€image omitted
â€",Unknown, 0,20240328
Gary Teh,â€image omitted,Unknown, 0,20240328
Gary Teh,"Spent 45 minutes to process the data gathered from today and emailed 79 new tiktok influencers.
â€",Contributed Human Effort, 74,20240328
Gary Teh,â€image omitted,Unknown, 0,20240328
Gary Teh,"@918017107841, please make sure that the extension youâ€™re making is aligned with our affiliation program commission structure 

- 10% for direct sales 
- â 5% for tier one referral 
- â one percent for tier 2 referrals

Right now we only support sales in USA  

If thereâ€™s anything that deviating from this, we need to speak 

https://affiliate.Agroverse.shop â€<This message was edited>",Unknown, 0,20240329
Gary Teh,"@554792591729

Good morning sister. Happy Easter! ğŸ¤©ğŸ™

When reaching out to cacao suppliers once they offer the price, we should benchmark it against the New York commodity exchange cacao futures prices to determine if the price they are offering is reasonable 

https://www.investing.com/commodities/us-cocoa â€<This message was edited>",Contributed Human Effort, 0,20240329
Anupa/diya,"Direct sales
â€",Unknown, 0,20240329
Gary Teh,â€image omitted,Unknown, 0,20240329
Gary Teh,Spent 30 minutes responding to influencers who have responded yesterday.,Contributed Human Effort, 49,20240329
Gary Teh,"Spent 20 minutes to process the follow up email (#2) to 158 TikTok influencers.
â€",Contributed Human Effort, 33,20240329
Gary Teh,â€image omitted,Unknown, 0,20240329
Gary Teh,"Time taken to process the wire transfer to coopercabruca was 30 minutes
â€",Contributed Human Effort, 49,20240329
Gary Teh,20240329_coopercabruca_payment_for_samples.pdf â€¢ â€4 pages â€document omitted,Unknown, 0,20240329
Gary Teh,"Spent 30 minutes modifying Bean to Bliss episode 9 and posting it on TIkTok
https://www.tiktok.com/@agroverse/video/7351862101473971502",Contributed Human Effort, 49,20240329
Gary Teh,Spent 15 minutes responding to influencers responses. Using. Greta Thunberg messaging for influencers that request for budget.,Contributed Human Effort, 24,20240329
Gary Teh,"Spent 10 minutes on the phone with @19209806391 

_*His statistics*_
- 4 of 5 mentioned they already have their own suppliers 

- â 1 of 5 did not pick up their phone


*_Next steps*_

- generate chocolatiers sales lead list for Milwaukee to include email address and phone number 

- â I will start hitting them with email to warm up the sales lead to secure an appointment with their purchasing department 

- â @19209806391 will go in to drop off the samples and talk about buying process once the lead has been warmed up â€<This message was edited>
â€",Contributed Human Effort, 16,20240329
Gary Teh,â€image omitted,Unknown, 0,20240329
Gary Teh,Spent 30 minutes processing responses from influencers we reached out to yesterday,Contributed Human Effort, 49,20240330
Gary Teh,"Spent 45 minutes composing and sending email to Julia from Dashboard.earth to propose 12 week sponsorship of our cacao nibs to residents of Los Angeles
â€",Contributed Human Effort, 74,20240331
Gary Teh,â€image omitted,Unknown, 0,20240331
Gary Teh,"Shared by @918017107841 

Time spent 5 minutes 

https://www.instagram.com/reel/C4HIZDixOoZ/?igsh=MWo3ZTg5cXowNDl6Ng==

Perhaps our own variant is a DIY chocolate making kit",Contributed Human Effort, 8,20240401
Gary Teh,"@918017107841

Iâ€™m having problems trying to find the Google sheet where you have list. All the trade shows in the USA.

Could you help share them with me again thanks",Unknown, 0,20240401
Gary Teh,"Spent 1.25 hours to revisit the pricing component of our marketing 4Ps

Adjusting price downwards to be in better alignment with the rest of the market
https://docs.google.com/spreadsheets/d/1PPvdwq1mVVmCB3KNi3b8EmFXf0nmqcKtqQthr3D1C6U/edit?usp=sharing â€<This message was edited>
â€",Contributed Human Effort, 2,20240401
Gary Teh,â€image omitted,Unknown, 0,20240401
Gary Teh,"â€You deleted this message.
â€",Unknown, 0,20240401
Gary Teh,"â€image omitted
â€",Unknown, 0,20240401
Gary Teh,â€image omitted,Unknown, 0,20240401
Gary Teh,"Going to conduct a small scale experiment with retaining the service of Julia

This is her profile
https://www.tiktok.com/@juliakfoxworth?lang=en

Time spent to analyze and make arrangement for this paid collaboration 45 minutes â€<This message was edited>",Contributed Human Effort, 74,20240401
Gary Teh,"Spent 15 minutes to generate preliminary sales lead list for @19209806391 targeting Milwaukee, Wisconsin region

https://docs.google.com/spreadsheets/d/1Nxq5o31AOYREfEZZejbytVDn1kSWWHSYSMAb1AbsxEo/edit?usp=sharing

Will work on filling up the emails and the phone numbers later in the day.",Contributed Human Effort, 24,20240401
Gary Teh,â€You deleted this message.,Unknown, 0,20240401
Gary Teh,"Will be adhering to this protocol when doing the cold outreach.

https://docs.google.com/document/d/1XTu_eLpnjCT_rVvTPn0UrchxHGOpEeqYc3iemfEsgrw/edit#heading=h.dq7ettfefjdj",Unknown, 0,20240401
Gary Teh,"And then realized some of the chocolate teas, have a pretty intense profile like this guy ğŸ¤¯

https://www.alegio.com/pages/letter",Unknown, 0,20240401
Val Lapidus,"Gary, can you follow up with witty about the funds that we sent them and the sample that we were supposed to receive? Can you get confirmation and shipment?",Unknown, 0,20240401
Gary Teh,ok. Let me do that tomorrow morning. Will add it to my calendar of agendas.,Contributed Human Effort, 1,20240401
Gary Teh,"Spent 15 minutes registering for co-promotion campaigns on TikTok. 

_PS: they subsidize our promotion activities when we join the campaigns they are running_
â€",Contributed Human Effort, 24,20240401
Gary Teh,â€image omitted,Unknown, 0,20240401
Gary Teh,"Spent 10 minutes drafting up cold outreach email to warm up chocolatier lead.

*_Full protocol could be viewed here*_
https://docs.google.com/document/d/1XTu_eLpnjCT_rVvTPn0UrchxHGOpEeqYc3iemfEsgrw/edit

_PS: Applying protocol on the San Francisco Bay Area sales lead list first since that is where I will be heading to next after departing from the desert_
_https://docs.google.com/spreadsheets/d/1CdY2AtsEwQsT7oUXbgszl6fVt-hoDH1Sj_jhiOCaSC0/edit#gid=1863944354_ â€<This message was edited>
â€",Contributed Human Effort, 5,20240401
Gary Teh,â€image omitted,Unknown, 0,20240401
Gary Teh,"Spent 1 hour to process 50 of 313 sales leads from San Francisco Yelp

*Tasks done:*
- Where lead has email collected it on webpage
- â Where lead has phone number collected it
- â Where lead has webpage but no email available submitted webform

Will completely process all 313 sales leads before the next step of the protocol
- Email blast to all leads who have provided email address
- â Phone call all leads who donâ€™t have email address or web form

https://docs.google.com/spreadsheets/d/1CdY2AtsEwQsT7oUXbgszl6fVt-hoDH1Sj_jhiOCaSC0/edit#gid=1863944354 â€<This message was edited>
â€",Contributed Human Effort, 100,20240401
Gary Teh,â€image omitted,Unknown, 0,20240401
Gary Teh,"Spent 30 minutes working generatin bean to bliss episode 10 for TikTok 

https://www.tiktok.com/t/ZTLkUuPLq/",Contributed Human Effort, 49,20240401
Gary Teh,"Spent 15 minutes to follow up with Thomas from witty South Africa on the following

- status of 5kg
- â registration of company 

_PS: general observation, folks living in developing countries have a somewhat different mentality than people living in developed countries._

_As mentioned by both Ferdinando, Fatima and @554792591729 â€œWhen the boss doesnâ€™t say anything, the employee doesnâ€™t do anythingâ€_

_That is why mainland Chinese style authoritarian micro-managing has been observed to work marvelously_",Contributed Human Effort, 24,20240402
Gary Teh,"By the way this is how I collect debt for people who owes money to the company 

https://youtu.be/_MY9TNamvQ8?si=nxe75yYvMZGlKhv0",Unknown, 0,20240402
Barbara Sandini,"Hello everyone. Iâ€™ve been sending emails e responding them for the past three hours.
 BRAZIL: The company that is quoting shipment of the 5kg @14153000019  mentioned had some issues yesterday and today and will get back to me tomorrow.
 Most of the cacao producers I spoke are not organic certified. I did find one but he couldnâ€™t speak today.
PNG: I got a reply from one of the people there . Iâ€™m posting down here.
â€",Contributed Human Effort, 400,20240402
Barbara Sandini,â€image omitted,Unknown, 0,20240402
Barbara Sandini,Also I just finished a 15 min called with the Vice President of CEPOTX explaining the cacao situation atm . They donâ€™t have any cacao in the house but around mid May might have it . They donâ€™t work with cacao nibs only the whole â€œnutsâ€,Contributed Human Effort, 24,20240402
Gary Teh,That is great! Thatâ€™s what we are planning to work with regarding the chocolatiers we are trying to sell to,Unknown, 0,20240402
Barbara Sandini,This one is Organica cacao,Unknown, 0,20240402
Barbara Sandini,Organic,Unknown, 0,20240402
Gary Teh,Spent 30 minutes gathering insights from Tess Walkowski,Contributed Human Effort, 49,20240403
Gary Teh,"â€You deleted this message.
â€",Unknown, 0,20240403
Gary Teh,"â€image omitted
â€",Unknown, 0,20240403
Gary Teh,"â€image omitted
â€",Unknown, 0,20240403
Gary Teh,"â€image omitted
â€",Unknown, 0,20240403
Gary Teh,â€image omitted,Unknown, 0,20240403
Gary Teh,"Converting the cacao to end product yields at least 200% profit 

This figure is aligned with what @16468233438 has mentioned about his side hustle 

1kg of cacao sold a week. USD200 net profit after factoring in other input cost",Contributed Human Effort, 2,20240403
Gary Teh,"33 percent retention rate is quite healthy
â€",Unknown, 0,20240403
Gary Teh,"â€image omitted
â€",Unknown, 0,20240403
Gary Teh,"â€image omitted
â€",Unknown, 0,20240403
Gary Teh,"â€image omitted
â€",Unknown, 0,20240403
Gary Teh,â€image omitted,Unknown, 0,20240403
Gary Teh,"Spent 15 minutes issuing invoice for purchase of 12.5KG cacao nibs to TyTyCoco
â€",Contributed Human Effort, 24,20240403
Gary Teh,20240403_val_lapidus_invoice.pdf â€¢ â€1 page â€document omitted,Unknown, 0,20240403
Gary Teh,"Completed 45 minutes of facetime discussion with Fatima 

Discussed
- It takes time to break into an industry on the sales side since its about having a network of relationships already established in the industry. â For Agroverse B2B sales to chocolatiers, recruit senior sales people in the chocolate industry

- â Regarding scaling of farmers market, instead of running stores ourselves, reach out to existing vendors who offer complimentary products and propose collaboration

- Campus have foods stores that sell snacks. That might be a potential distribution channel


*Actionable next steps*
- access to â communications to suppliers to be restricted to active governors only

- â Adding farmer market vendors collaboration as
â€",Contributed Human Effort, 76,20240403
Gary Teh,"â€image omitted
â€",Unknown, 0,20240403
Gary Teh,â€image omitted,Unknown, 0,20240404
Gary Teh,"Spent 10 minutes processing shipping status issue on TikkTok. Package was successfully shipped and received by influencer but package marked as delivery failed on TikTok.
â€",Contributed Human Effort, 16,20240405
Gary Teh,"â€image omitted
â€",Unknown, 0,20240405
Gary Teh,â€image omitted,Unknown, 0,20240405
Gary Teh,â€You deleted this message.,Unknown, 0,20240405
Gary Teh,"Spent 10 minutes responding to TIkTok influencer on collaboration details
â€",Contributed Human Effort, 16,20240405
Gary Teh,â€image omitted,Unknown, 0,20240405
Gary Teh,"Spent 30 minutes drafting quotation issued from TrueTech Inc for Youna to share with her network in Seoul South Korea
â€",Contributed Human Effort, 49,20240405
Gary Teh,20240405_gary_to_youna_official_quotation_international.pdf â€¢ â€1 page â€document omitted,Unknown, 0,20240405
Gary Teh,Spent 10 minutes following up with South African supplier. He did not pick up his phone.,Contributed Human Effort, 16,20240405
Gary Teh,"rather than biting a huge chunk (_making a huge leap in faith_) of in the early stages with future suppliers we deal, I am proposing we adopt this revision to our existing protocol for onboarding suppliers to Agroverse network

â€¢â   â initial small sample not more than USD250 in value upon first contact, to mitigate against a rug pull as well as to ensure quality is good before sinking further resources into the relationship

â€¢â   â â Arrange for site visit to conduct inspection to access facility exist, counter party is person of Integrity, process in place at facility is up to US FDA standards

â€¢â   â Sign USA FSVP documents â  to qualify facility for exporting into USA market

â€¢â   â â Actual samples of 5KG is collected during the site visit.",Contributed Human Effort, 131,20240405
Val Lapidus,This was shipped this morning. I will update in it in weeks later,Unknown, 0,20240405
Gary Teh,"@16468233438

Do we still have the shipping labels which details the physical address of Witty corporation? 

I am trying to do debt collection right now and will need the details",Unknown, 0,20240405
Gary Teh,"I will reach out to her later to find out how she discovered us 

Letâ€™s see if we can identify a repeatable sales channel",Contributed Human Effort, 1,20240405
Val Lapidus,I will look for them but most likely no,Unknown, 0,20240405
Gary Teh,"Ok. Let me know if you find it 

I will add this location as one of my itinerary when I go conduct a facilities inspection over in Africa

_PS: if you havenâ€™t noticed by now, I am very anal about leaving transactions outstanding on our ledger. It throws a wrench in our book keeping_ â€<This message was edited>",Contributed Human Effort, 0,20240405
Gary Teh,Spent 15 minutes try to get through to phone of Thomas from witty,Contributed Human Effort, 24,20240405
Gary Teh,"Spent 10 minutes crafting an email to Andrea from yesterday to find out about the recipe. She plans to use as well as how she discovered our website. â€<This message was edited>
â€",Contributed Human Effort, 16,20240405
Gary Teh,â€image omitted,Unknown, 0,20240405
Gary Teh,Spent 15 minutes advising @918017107841 on the variant of the affiliate program targeted at under representative groups,Contributed Human Effort, 24,20240407
Anupa/diya,â€Anupa/diya left,Unknown, 0,20240407
Gary Teh,"Spent 15 minutes responding to Ayalibi the influencer on TikTok
â€",Contributed Human Effort, 24,20240409
Gary Teh,â€image omitted,Unknown, 0,20240409
Gary Teh,"Spent 45 minutes editing and submitting TikTok videos
https://www.tiktok.com/@agroverse/video/7354787497039285550",Contributed Human Effort, 74,20240409
Gary Teh,"Shared by Fatima on commodity trading activities 

https://www.mckinsey.com/industries/electric-power-and-natural-gas/our-insights/the-critical-role-of-commodity-trading-in-times-of-uncertainty

Time spent 5 minutes",Contributed Human Effort, 8,20240410
Gary Teh,"1 million cattle were killed in Texas 

Price per pound of cattle in USA was uSD4. Should be going up soon once current stockpile exhausted

Time spent by Shedna to explain this 5 minutes â€<This message was edited>
â€",Contributed Human Effort, 8,20240410
Gary Teh,â€image omitted,Unknown, 0,20240410
Val Lapidus,I can ship on friday,Unknown, 0,20240410
Gary Teh,"Spent 5 minutes today getting more details on appointment setting service
â€",Contributed Human Effort, 8,20240410
Gary Teh,"â€image omitted
â€",Unknown, 0,20240410
Gary Teh,"â€image omitted
â€",Unknown, 0,20240410
Gary Teh,â€image omitted,Unknown, 0,20240410
Gary Teh,"Spent 10 minutes to propose deeper, collaboration via affiliate program with dashboard.earth 

There seems to be some nice synergy between both projects, since we are targeting the same demographics in Los Angeles area 

That way they can handle the community building in Los Angeles while we focus on the backend logistics
â€",Contributed Human Effort, 16,20240411
Gary Teh,"â€image omitted
â€",Unknown, 0,20240411
Gary Teh,â€image omitted,Unknown, 0,20240411
Gary Teh,"Based on statistics surfaced @16468233438, average expected volume of demand from a chocolatier should be around 50kg. 

In terms of revenue figure that is approximately $2500

The net profit  is around $250 per chocolatier â€<This message was edited>",Unknown, 0,20240411
Val Lapidus,Per order per small to medium chocolatier,Unknown, 0,20240411
Val Lapidus,"Each chocolatier tends to order 2-4 times per year
â€",Unknown, 0,20240411
Gary Teh,"â€image omitted
â€",Unknown, 0,20240411
Gary Teh,â€image omitted,Unknown, 0,20240411
Gary Teh,"@19209806391 inviting you out of the guild for now

We will not be pursuing outbound Enterprise sales as our marketing growth and acquisition strategy",Unknown, 0,20240411
Gary Teh,Basically an average of USD7500 revenue and USD750 net profit per year per chocolatier,Contributed Human Effort, 0,20240411
Rodney Wieck,â€You removed Rodney Wieck,Unknown, 0,20240411
Gary Teh,"Spent 15 minutes discussing with Rodney about deploying more appropriate resources to the project once the model is proven
â€",Contributed Human Effort, 24,20240413
Gary Teh,"â€image omitted
â€",Unknown, 0,20240413
Gary Teh,"â€image omitted
â€",Unknown, 0,20240413
Gary Teh,"â€image omitted
â€",Unknown, 0,20240413
Gary Teh,â€image omitted,Unknown, 0,20240413
Gary Teh,In a nutshell we could get his help on the shipment financing side when we are ready,Unknown, 0,20240413
Gary Teh,"@16468233438 

Please ship a sample of our cacao nibs to 

Elinore Varady
PO Box 1206
Quartzite Arizona 85345

I will be calling you on the phone on Tuesday 12 PM PST if I do not receive acknowledgment from you or if you havenâ€™t read this message yet

_PS: she runs the only store here in Quartzite that provide supplies for spirituality practicesâ€¦ use our cacao nibs for cacao ceremony._

_During Winter season hot chocolate is also severely short in supply here_

Time taken to setup relationship 3 hours â€<This message was edited>
â€",Contributed Human Effort, 4,20240413
Gary Teh,"â€image omitted
â€",Unknown, 0,20240413
Gary Teh,"â€image omitted
â€",Unknown, 0,20240413
Gary Teh,â€image omitted,Unknown, 0,20240413
Gary Teh,@16468233438  what is the USPS package tracking ID?,Unknown, 0,20240413
Gary Teh,"Spent five minutes sharing about our Cacao nips in some Facebook group chat with a whole bunch of Shaman, whom I got invited to join
â€",Contributed Human Effort, 8,20240413
Gary Teh,â€image omitted,Unknown, 0,20240413
Gary Teh,"Spent 30 minutes following up with influencer and TikTok shop customer support to clear out package tracking issue

https://seller-us.tiktok.com/ticket/detail/202404151812500016?shop_region=US â€<This message was edited>
â€",Contributed Human Effort, 49,20240415
Gary Teh,"â€image omitted
â€",Unknown, 0,20240415
Gary Teh,â€image omitted,Unknown, 0,20240415
Gary Teh,"Spent 15 minutes doing outreach to the admin of Magic mushroom buyers chat room, base here in the USA
â€",Contributed Human Effort, 24,20240416
Gary Teh,"â€image omitted
â€",Unknown, 0,20240416
Gary Teh,"â€image omitted
â€",Unknown, 0,20240416
Gary Teh,â€image omitted,Unknown, 0,20240416
Gary Teh,"Spend 15 minutes recruiting Flavor House as our distributor for folk who wants to DIY the magic mushroom chocolate.
â€",Contributed Human Effort, 24,20240416
Gary Teh,"â€image omitted
â€",Unknown, 0,20240416
Gary Teh,â€image omitted,Unknown, 0,20240416
Gary Teh,"Manage a acquire, wholesale pricing information for Magic mushrooms in USA

GENERAL PRODUCT MENU OF FLAVOUR HOUSE ğŸ›’ğŸ›
 
ğŸ”˜DMT ğŸ§‚

One gram $100
3 grams $300
5 grams $450
10 grams $850
20 grams $1500
25 grams $2000

ğŸ”˜Micro Doses ğŸ’Š

6$ a pill
25 pills $160
50 pills $320
100 pills $400
150 pills $550
200 pills $750
300 pills $1000

ğŸ”˜CHOCOLATE BARS ğŸ«

Prices= 3.5g for $50
Available in many brands;
-WONKA BAR
-TRIPPY FLIP BAR
-ONE UP BAR
-MEDICATED BAR
-WONDER BAR
-MUSHROOM BAR
-THC WEED BAR. (3.5g for $35)
12 pieces per Chocolate 

ğŸ”˜ONE UP EDIBLES ğŸ’Š

6$ a pill
25 pills $150
50 pills $250
100 pills $400
150 pills $550
200 pills $750
300 pills $1000

ğŸ”˜MUSHROOMS ğŸ„ 

Blue meanie Shrooms 
Oz......$150
Qp......$300
Hp.......$500
Ibs......$950

Golden teachers Shrooms 
Oz......$198
Qp......$400
Hp......$600
Ibs......$1000

Cubensis Shrooms 
Oz......$230
Qp......$480
Hp......$700
Ibs......$1300

Golden cap Shrooms 
Oz......$198
Qp......$400
Hp......$600
Ibs......$1000

Penis envy Shrooms 
Oz......$230
Qp......$480
Hp......$700
Ibs......$1300

Albino Penis envy shrooms 
Oz......$250
Qp......$500
Hp......$900
Ibs......$1700

Magic Mushroom 
Oz......$250
Qp......$500
Hp......$900
Ibs......$1700

Time spent 15 minutes",Contributed Human Effort, 24,20240416
Gary Teh,Current market retail price for Magic mushroom is $10 a gram in USA â€<This message was edited>,Contributed Human Effort, 6,20240416
Gary Teh,"Spent five minutes following up with Julia from Dashboard.Earth
â€",Contributed Human Effort, 8,20240416
Gary Teh,â€image omitted,Unknown, 0,20240416
Gary Teh,"Five minutes following up with Julia to send her our TikTok social social handle

Agroverse is expanding into Los Angeles
â€",Contributed Human Effort, 8.25,20240416
Gary Teh,â€image omitted,Unknown, 0,20240416
Gary Teh,"Spent an hour setting listing on eBay 

https://www.ebay.com/itm/235524578830?mkcid=16&mkevt=1&mkrid=711-127632-2357-0&ssspo=6sb-lsiprx6&sssrc=0&ssuid=6sb-lsiprx6&var=&widget_ver=artemis&media=COPY
â€",Contributed Human Effort, 100,20240416
Gary Teh,â€image omitted,Unknown, 0,20240416
Gary Teh,"Spend 10 minutes today following up with Elinor from QuartzSite

I providing her with the tracking information as well as the propose next steps
â€",Contributed Human Effort, 16,20240417
Gary Teh,"â€image omitted
â€",Unknown, 0,20240417
Gary Teh,â€image omitted,Unknown, 0,20240417
Gary Teh,"Spent 5 minutes to find chocolatier Facebook group to replicate what Flavour house is doing
â€",Contributed Human Effort, 8,20240418
Gary Teh,â€image omitted,Unknown, 0,20240418
Gary Teh,"Another chocolatier forum

https://chocolatetalk.proboards.com/

Time spent 3 minutes
â€",Contributed Human Effort, 4,20240418
Gary Teh,â€image omitted,Unknown, 0,20240418
Gary Teh,"Rodney and @918017107841 had some communication difficulties between the both of them in the Edgar guild this morning Pacific time zone 

Rodney has opted to do a rage quit of the DAO 

Unfortunately part of the @120363044028036610@g.us cacao nibs inventory managed by @120363044028036610@g.us investor contract AGL2 under the charge of Rodney is not longer directly accessible to DAO oversight 

Process is right now under way to investigate the episode as well as remedies to recover the inventory
â€",Contributed Human Effort, 100TDG,20240418
Gary Teh,â€image omitted,Unknown, 0,20240418
Gary Teh,"Spent 5 minutes and sourced chocolate channel on reddit 

https://www.reddit.com/r/chocolate/s/4GVL7Ml8CJ

It has 33K members â€<This message was edited>",Contributed Human Effort, 8,20240418
Gary Teh,Between these 3 online spaces we have approximately 100K members,Unknown, 0,20240418
Gary Teh,"Spent 5 minutes identifying the cocoa channel on reddit 

https://www.reddit.com/r/cocoa/s/gE4uRah0iq

2.2k members



https://www.reddit.com/r/Cacao/

1.4k members â€<This message was edited>",Contributed Human Effort, 8,20240418
Gary Teh,"Spent 5 minutes and found this 4th source 

https://www.discusscooking.com/forums/candies-and-chocolates.44/",Contributed Human Effort, 8,20240418
Gary Teh,"Made arrangements to pick up outstanding inventory on the way eastwards as and when it happens

Time spent 15 minutes
â€",Contributed Human Effort, 24,20240418
Gary Teh,â€image omitted,Unknown, 0,20240419
Gary Teh,"Spend 20 minutes this morning following up with logistic matters

- @16468233438 on shipping status of samples 

- â Thomas witty enterprise response on samples 

- â Orlantildes Coopercabruca on samples profiling â€<This message was edited>",Contributed Human Effort, 33,20240419
Gary Teh,"Itâ€™s been five minutes posting our content onto chocolatiers forum on Facebook

https://m.facebook.com/groups/188045468295601/permalink/1880248792408585/?mibextid=S66gvF",Contributed Human Effort, 8,20240419
Gary Teh,"Spent 30 minutes creating education material about organic farming in Brazil for growing Cacao

https://www.tiktok.com/t/ZTL5BoAkc/",Contributed Human Effort, 49,20240419
Gary Teh,"Spend five minutes posting our content on the other chocolatier forum

https://m.facebook.com/groups/chocolatier/permalink/7299563493496438/?",Contributed Human Effort, 8,20240419
Val Lapidus,"1968 South Coast Highway #4616,

Laguna Beach, 29651 USA


above is the address as it appears on agroverse.shop


the zip is incorrect, it should be: 92651",Unknown, 0,20240419
Gary Teh,"Spent 5 minutes correcting the address

https://www.agroverse.shop/",Contributed Human Effort, 8,20240419
Gary Teh,"Spent 30 minutes to install blog component on Agroverse.shop website and updated layout on website to accomodate the search bar as on Desktop and Mobile view

https://www.agroverse.shop/blog â€<This message was edited>",Contributed Human Effort, 49,20240419
Gary Teh,"Spent USd28.11 for another heat sealer which I plan to use for assembling sample packages when driving the 12.5kg bag of cacao nibs around USA
â€",Contributed Fiat Funding, 2.811,20240419
Gary Teh,"â€image omitted
â€",Unknown, 0,20240419
Gary Teh,"â€image omitted
â€",Unknown, 0,20240419
Gary Teh,â€image omitted,Unknown, 0,20240420
Gary Teh,"Spent five minutes replying to comments on our post in that Facebook group
â€",Contributed Human Effort, 8,20240420
Gary Teh,â€image omitted,Unknown, 0,20240420
Gary Teh,Spent five minutes sharing our story after a pass by walked up and asked about the car design here in the Bay Area after I came out from the desert,Contributed Human Effort, 8,20240420
Gary Teh,"Spent 30 minutes producing this short video clip and then sharing them to channels where order Choclatiers are spending time on

https://www.tiktok.com/t/ZTLaNXB1j/",Contributed Human Effort, 49,20240421
Gary Teh,"Spend five minutes reaching out to this Venezuelan cacao supplier
â€",Contributed Human Effort, 8,20240421
Gary Teh,â€image omitted,Unknown, 0,20240421
Gary Teh,"Met Michelle when I was with @16468233438 at his shop

Spend five minutes sharing with her about our Cacao â€<This message was edited>
â€",Contributed Human Effort, 8,20240421
Gary Teh,"â€image omitted
â€",Unknown, 0,20240421
Gary Teh,â€image omitted,Unknown, 0,20240421
Gary Teh,Spent five minutes following up with her to propose shipping her a sample,Contributed Human Effort, 8,20240421
Gary Teh,"Spent 5 minutes to identify this forum to find topics to create marketing content for 
https://chocolatetalk.proboards.com/board/1/small-scale-chocolate-business",Contributed Human Effort, 8,20240421
Gary Teh,"Spent 1 hour crafting up our content marketing strategy

https://docs.google.com/document/d/1kDoTNnc9vr5ovpfNi6NQRqF9jcjm-Qnn5A15Q9RBo6w/edit#heading=h.k34igc6tscti",Contributed Human Effort, 100TDG,20240421
Gary Teh,"These are the raw content marketing research files

https://drive.google.com/drive/folders/1ttsGD2Iek0UUaZe0hkqWiehIE27HwnS9",Unknown, 0,20240421
Gary Teh,"Spent five minutes to change our TikTok channel name to *_TheCacaoFanatic*_

_PS: if it doesnâ€™t stand out like a sore thumb, itâ€™s not marketing_
â€",Contributed Human Effort, 8.25,20240421
Gary Teh,â€image omitted,Unknown, 0,20240421
Gary Teh,"Spent 45 minutes to create a video on fermentation and sharing it on a few groups that matters

https://www.reddit.com/r/chocolate/s/vWmyanxc9X

- *Facebook choclate forum group* - 60k followers 

- *LinkedIn gourmet Chocolatier group* - 16k followers

- *Reddit Choclate group* - 35k followers â€<This message was edited>",Contributed Human Effort, 74,20240422
Gary Teh,"Spent 1.5 hours updating our AGL2 ledger transactions in preparation for todayâ€™s inventory check

_PS: at this rate, assuming we have sold out off all our remaining inventory on ledger at the prevailing rates, fiat investors will get a total of USD9 net profit for a fiat injection of USD3170.30._

_Giving out of samples to entice samples is a very expensive and not profitable sales acquisition strategy_
â€",Contributed Human Effort, 1.65,20240422
Gary Teh,"â€image omitted
â€",Unknown, 0,20240422
Gary Teh,"â€image omitted
â€",Unknown, 0,20240422
Gary Teh,"â€image omitted
â€",Unknown, 0,20240422
Gary Teh,â€image omitted,Unknown, 0,20240422
Gary Teh,"Following up with @16468233438 right now to check where the outstanding 49 bags of 8 ounce Cacao nips are â€<This message was edited>
â€",Contributed Human Effort, 3,20240422
Gary Teh,"â€image omitted
â€",Unknown, 0,20240422
Gary Teh,"â€image omitted
â€",Unknown, 0,20240422
Gary Teh,"â€image omitted
â€",Unknown, 0,20240422
Gary Teh,"â€image omitted
â€",Unknown, 0,20240422
Gary Teh,â€image omitted,Unknown, 0,20240422
Gary Teh,"â€You deleted this message.
â€",Unknown, 0,20240422
Gary Teh,â€image omitted,Unknown, 0,20240422
Gary Teh,"Shipping records to Rodney by @16468233438

- Stamps.com ID: 9434611206204455782917: 1lb 05 oz â€<This message was edited>",Contributed Human Effort, 1,20240422
Gary Teh,Discarding the 4 cartons of oat milk from our warehouse todayâ€™s the expiry date,Contributed Human Effort, 6,20240422
Gary Teh,"Loaded 36 bags of 8 ounce into my car
â€",Contributed Human Effort, 0,20240422
Gary Teh,"â€image omitted
â€",Unknown, 0,20240422
Gary Teh,â€image omitted,Unknown, 0,20240422
Gary Teh,"Loaded 100 spoons
â€",Unknown, 0,20240422
Gary Teh,â€image omitted,Unknown, 0,20240422
Val Lapidus,Gary those spoons are not agroverses,Unknown, 0,20240422
Val Lapidus,Are there spoons still left,Unknown, 0,20240422
Val Lapidus,"After you took those?
â€",Unknown, 0,20240422
Gary Teh,â€image omitted,Unknown, 0,20240422
Gary Teh,Let me leave the soon then,Unknown, 0,20240422
Val Lapidus,No you can have some,Unknown, 0,20240422
Val Lapidus,I just want to make sure that I have some left,Unknown, 0,20240422
Gary Teh,"Outstanding inventory to be accounted for 

- â 4.5155KG of loose cacao nibs",Contributed Human Effort, 0,20240422
Gary Teh,"Once we have resolved this on Thursday, Iâ€™ll load up the loose cacao nips into my car as well
â€",Contributed Human Effort, 1,20240422
Val Lapidus,â€image omitted,Unknown, 0,20240422
Val Lapidus,@14153000019 hold on that may not be it,Unknown, 0,20240422
Gary Teh,"Spent US dollar $11.94 to acquire a HDX box 27 gallon from Home Depot for more appropriate packing to transport the cacao up to Washington state â€<This message was edited>
â€",Contributed Fiat Funding, 0.12,20240423
Gary Teh,â€image omitted,Unknown, 0,20240423
Gary Teh,"Spent 30 minutes crafting this video and sharing it

https://www.tiktok.com/t/ZTLmYhYb7/",Contributed Human Effort, 49,20240423
Gary Teh,"Spent $65.53 on hot water dispenser
â€",Contributed Fiat Funding, 0.65,20240423
Gary Teh,"â€image omitted
â€",Unknown, 0,20240423
Gary Teh,â€image omitted,Unknown, 0,20240423
Gary Teh,"Spent US dollar $49.91 on pulverizer
â€",Contributed Fiat Funding, 0.4991,20240423
Gary Teh,"â€image omitted
â€",Unknown, 0,20240423
Gary Teh,â€image omitted,Unknown, 0,20240423
Gary Teh,"Spent 30 minutes creating video to share on Reddit

https://www.reddit.com/r/chocolate/s/GYysTOaiuj",Contributed Human Effort, 49,20240424
Gary Teh,"Spent five minutes following up with Cacao supplier based in Indonesia â€<This message was edited>
â€",Contributed Human Effort, 8,20240424
Gary Teh,"â€image omitted
â€",Unknown, 0,20240424
Gary Teh,â€image omitted,Unknown, 0,20240424
Gary Teh,"Spent 30 minutes figuring out how to optimize the DUNs number application process out of the equation for all our foreign suppliers

Following up with Ewerton, friend of @554792591729 who is based in brazil  on this â€<This message was edited>
â€",Contributed Human Effort, 49,20240424
Gary Teh,â€image omitted,Unknown, 0,20240424
Gary Teh,"Spent a further hour digging and identified Belize as the most suitable place to setup our second legal wrapper to get around the DUNs number friction point
â€",Contributed Human Effort, 100 TDG,20240424
Gary Teh,â€image omitted,Unknown, 0,20240425
Gary Teh,"Spent 30 minutes creating mortar and pestle variant for the cacao flavored date paste 

https://www.reddit.com/r/chocolate/s/RKhzKxmjHA",Contributed Human Effort, 49,20240425
Gary Teh,"Spent 10 minutes to follow up on getting pricing information from Congo and Costa Rica â€<This message was edited>
â€",Contributed Human Effort, 16,20240425
Gary Teh,"â€image omitted
â€",Unknown, 0,20240425
Gary Teh,â€image omitted,Unknown, 0,20240425
Gary Teh,"Spent five minutes following up potential cacao supplier from Venezuela
â€",Contributed Human Effort, 8,20240425
Gary Teh,â€image omitted,Unknown, 0,20240425
Gary Teh,"Spent five minutes to get contact details of Cacao supplier base in Nigeria
â€",Contributed Human Effort, 8,20240425
Gary Teh,â€image omitted,Unknown, 0,20240425
Gary Teh,"Spent five minutes sourcing for contact detail of Cacao supplier in Kenya
â€",Contributed Human Effort, 8,20240425
Gary Teh,â€image omitted,Unknown, 0,20240425
Gary Teh,"Spent five minutes sourcing for more Cacao suppliers in South Africa
â€",Contributed Human Effort, 8,20240425
Gary Teh,â€image omitted,Unknown, 0,20240425
Gary Teh,I have transferred this bag of 5.255kg to my car for transport north,Contributed Human Effort, 5,20240426
Gary Teh,"Spent five minutes responding to this inquiry for inventory that is imported and available before the price hike
â€",Contributed Human Effort, 8,20240426
Gary Teh,"â€image omitted
â€",Unknown, 0,20240426
Gary Teh,â€image omitted,Unknown, 0,20240426
Val Lapidus,I would like to propose that in future shipping events there be an acceptable margin of loss for goods shipped at 5% these goods should be written off as lost,Unknown, 0,20240426
Gary Teh,Please post this in @120363111951279022@g.us,Unknown, 0,20240426
Val Lapidus,"with that said, Iâ€™ll take responsibility for the 4.5 kilos that we cannot find, and assume that somehow they got mixed into my inventory for my chocolate business, Gary you had mentioned that there can be  a way for me to get a lower rate on these 4.5 kilos, by only paying the DAO itâ€™s 16% profit, can you explain how i can do that, and what I need to do to do it",Contributed Human Effort, 0,20240426
Gary Teh,"Please reference clause 3.7 of AGL2 contract 

https://github.com/TrueSightDAO/.github/blob/main/assets/20231002%20-%20Export%20trade%20financing%20syndicate%20agreement%20.pdf

I will send document to sign later 

Am at harbor freight now assembling the new cargo hitch
â€",Contributed Human Effort, 0,20240426
Gary Teh,â€image omitted,Unknown, 0,20240426
Gary Teh,"Spent $66.14 for new cargo hitch from Harbor freight
â€",Contributed Fiat Funding, 0.6614,20240426
Gary Teh,â€image omitted,Unknown, 0,20240426
Gary Teh,"Spend $12.05 on HDX box container, equipment replacement

The original one got destroyed yesterday when the whole hitch carrier fell apart â€<This message was edited>
â€",Contributed Fiat Funding, 0.12,20240426
Gary Teh,"â€image omitted
â€",Unknown, 0,20240426
Gary Teh,"â€image omitted
â€",Unknown, 0,20240426
Gary Teh,ClayGordon_FullCVBIO-2023_06.pdf â€¢ â€11 pages â€document omitted,Unknown, 0,20240426
Gary Teh,"I spent 10 minutes responding to his email on the discovery process will help to best tap into his expertise, as well as figure out what his rates are
â€",Contributed Human Effort, 16,20240426
Gary Teh,"â€image omitted
â€",Unknown, 0,20240426
Gary Teh,â€image omitted,Unknown, 0,20240426
Gary Teh,"Spent a total of one and a half hours, loading up my car with inventory to prepare for Barter fair up in Washington state",Contributed Human Effort, 150,20240426
Gary Teh,@16468233438 spent 30 minutes helping me locate some of the items in the storage,Contributed Human Effort, 49,20240426
Gary Teh,"Emelin forwarded this from Ilheus in Brazil, where our Cacao is from is totally flooded right now
â€",Unknown, 0,20240426
Gary Teh,â€video omitted,Unknown, 0,20240426
Gary Teh,"I spent 10 minutes answering import related inquiries on Facebook Choclate group
â€",Contributed Human Effort, 16,20240427
Gary Teh,"â€image omitted
â€",Unknown, 0,20240427
Gary Teh,â€image omitted,Unknown, 0,20240427
Gary Teh,"Spent 30 minutes generating todayâ€™s video

And sharing them on the various channels 
https://www.tiktok.com/t/ZTLHSEGM4/",Contributed Human Effort, 49,20240427
Gary Teh,"Emelin, spent 10 minutes recording the raw footage videos and sending them over",Contributed Human Effort, 16,20240427
Gary Teh,"Spent five minutes sharing about Agroverse project and seed one bag of Cacao nips for Cash $10 USD

His name is Roshan. He lives in Presidio San Francisco, his roommates go often to edge a node 

He is going to share this product with his roommate because he thinks itâ€™s really cool and also since edge and node is also part of the Dow supporting this project",Contributed Human Effort, 8,20240429
Gary Teh,"Spend one hour chatting with Alice who mentioned that she will be returning back to China after her time here in the Zen monastery 

She would be very happy to help market our Cacao to bakers, chocolate ears, and she plans to do cacao ceremony as well
â€",Contributed Human Effort, 100,20240429
Gary Teh,"â€Contact card omitted
â€",Unknown, 0,20240429
Gary Teh,â€image omitted,Unknown, 0,20240429
Gary Teh,"Spent five minutes talking to the staff here at this cafÃ©, utilizing our account to make coffee cacao mixed brew drink

This keyword is starting to trend on Google trend in the USA â€<This message was edited>
â€",Contributed Human Effort, 8,20240429
Gary Teh,â€image omitted,Unknown, 0,20240429
Gary Teh,"Spent one hour crafting and disseminating this video for content, marketing purposes, across all the targeted content, distribution channels


https://www.tiktok.com/t/ZPRwyN9QS/ â€<This message was edited>
â€",Contributed Human Effort, 100,20240429
Gary Teh,"â€image omitted
â€",Unknown, 0,20240429
Gary Teh,"â€image omitted
â€",Unknown, 0,20240429
Gary Teh,â€image omitted,Unknown, 0,20240429
Gary Teh,"Chanced upon this just now walking in the streets while waiting for my car repair
â€",Unknown, 0,20240429
Gary Teh,"â€image omitted
â€",Unknown, 0,20240429
Gary Teh,â€image omitted,Unknown, 0,20240429
Gary Teh,"Spent 15 minutes gathering pain points of chocolatiers
â€",Contributed Human Effort, 24,20240429
Gary Teh,"â€image omitted
â€",Unknown, 0,20240429
Gary Teh,"â€image omitted
â€",Unknown, 0,20240429
Gary Teh,"â€image omitted
â€",Unknown, 0,20240429
Gary Teh,â€image omitted,Unknown, 0,20240429
Gary Teh,They usually target for 2 pounds for R&D before committing to larger quantities for cost savings,Unknown, 0,20240429
Gary Teh,"Betty has made the introduction to the producer in Ghana
Time spent five minutes â€<This message was edited>
â€",Contributed Human Effort, 8,20240430
Gary Teh,â€image omitted,Unknown, 0,20240430
Barbara Sandini,â€You removed Barbara Sandini,Unknown, 0,20240430
Gary Teh,"Sold 1 bag of 8 ounce cacao nibs to Craig for usd10
â€",Contributed Human Effort, 0.1,20240430
Gary Teh,â€image omitted,Unknown, 0,20240430
Gary Teh,"The URL of our shopfront needs to be more visit in the packaging

He had to take out a pen and write it on the package â€<This message was edited>",Unknown, 0,20240430
Gary Teh,"Spent one hour crafting this and then distributing it across target at distribution channels

https://www.tiktok.com/t/ZTL9vPgcB/",Contributed Human Effort, 100TDG,20240430
Gary Teh,"Spent an hour crafting and disseminating this piece of content on how artificial intelligence is being applied in the cacao production industry

https://www.tiktok.com/t/ZTLxjqv5s/",Contributed Human Effort, 100TDG,20240501
Gary Teh,Spent 30 minutes liasing with karin to acquire a video clip from her for content marketing purposes,Contributed Human Effort, 0,20240501
Gary Teh,"Spent five minutes evangelizing our account nips to Tina
â€",Contributed Human Effort, 8,20240501
Gary Teh,"â€image omitted
â€",Unknown, 0,20240501
Gary Teh,â€image omitted,Unknown, 0,20240501
Gary Teh,"Spent 10 minutes answering inquiry on ceremonial Cacao
â€",Contributed Human Effort, 16,20240501
Gary Teh,â€image omitted,Unknown, 0,20240501
Gary Teh,"@16468233438 new order just came in via our Wix shopping cart 

Iâ€™ll be calling you on Friday at 12 PM PST if you do not respond to this or have not read this message by then
â€",Unknown, 0,20240501
Gary Teh,"â€image omitted
â€",Unknown, 0,20240501
Gary Teh,â€image omitted,Unknown, 0,20240501
Gary Teh,"She who is based in Mount Shasta just reached out inquiring about ceremonial grade cacao 

She is an active member of this subreddit 

https://www.reddit.com/r/PlantBasedDiet/s/bnmxs6EAUJ

Time spent responding to her as well studying her profile is 15 minutes",Contributed Human Effort, 24,20240501
Gary Teh,"Spent an hour editing and uploading video

https://www.linkedin.com/posts/agroverse-truesightdao_cacao-is-not-just-a-superfood-its-also-activity-7191846874750898177-WUlB?utm_source=share&utm_medium=member_ios â€<This message was edited>",Contributed Human Effort, 100TDG,20240502
Val Lapidus,shipped,Unknown, 0,20240502
Gary Teh,"Spend $5.62 to acquire 40 pounds of 1 gallon sliders Ziploc bag for packaging Luz Cacao nips in too for sales

Unit price of each slider bag: USD0.1405
â€",Contributed Fiat Funding, 0.0564,20240502
